"filename", "language", "JSON", "JSON with Comments", "HTML", "TypeScript", "SCSS", "JavaScript", "Markdown", "XML", "YAML", "comment", "blank", "total"
"d:\Carlos\Semestre1-2025Apuntes\Ingenieria_software_1\proy\SW1Frontend\.github\CODE_OF_CONDUCT.md", "Markdown", 0, 0, 0, 0, 0, 0, 28, 0, 0, 0, 18, 46
"d:\Carlos\Semestre1-2025Apuntes\Ingenieria_software_1\proy\SW1Frontend\.github\COMMIT_CONVENTION.md", "Markdown", 0, 0, 0, 0, 0, 0, 51, 0, 0, 0, 32, 83
"d:\Carlos\Semestre1-2025Apuntes\Ingenieria_software_1\proy\SW1Frontend\.github\CONTRIBUTING.md", "Markdown", 0, 0, 0, 0, 0, 0, 126, 0, 0, 0, 53, 179
"d:\Carlos\Semestre1-2025Apuntes\Ingenieria_software_1\proy\SW1Frontend\.github\FUNDING.yml", "YAML", 0, 0, 0, 0, 0, 0, 0, 0, 2, 1, 2, 5
"d:\Carlos\Semestre1-2025Apuntes\Ingenieria_software_1\proy\SW1Frontend\.github\ISSUE_TEMPLATE\bug_report.md", "Markdown", 0, 0, 0, 0, 0, 0, 15, 0, 0, 0, 6, 21
"d:\Carlos\Semestre1-2025Apuntes\Ingenieria_software_1\proy\SW1Frontend\.github\ISSUE_TEMPLATE\feature_request.md", "Markdown", 0, 0, 0, 0, 0, 0, 13, 0, 0, 0, 6, 19
"d:\Carlos\Semestre1-2025Apuntes\Ingenieria_software_1\proy\SW1Frontend\.github\SUPPORT.md", "Markdown", 0, 0, 0, 0, 0, 0, 5, 0, 0, 0, 5, 10
"d:\Carlos\Semestre1-2025Apuntes\Ingenieria_software_1\proy\SW1Frontend\.github\workflows\build-check.yml", "YAML", 0, 0, 0, 0, 0, 0, 0, 0, 33, 0, 7, 40
"d:\Carlos\Semestre1-2025Apuntes\Ingenieria_software_1\proy\SW1Frontend\.github\workflows\stale.yml", "YAML", 0, 0, 0, 0, 0, 0, 0, 0, 18, 5, 5, 28
"d:\Carlos\Semestre1-2025Apuntes\Ingenieria_software_1\proy\SW1Frontend\CHANGELOG.md", "Markdown", 0, 0, 0, 0, 0, 0, 201, 0, 0, 0, 116, 317
"d:\Carlos\Semestre1-2025Apuntes\Ingenieria_software_1\proy\SW1Frontend\README.md", "Markdown", 0, 0, 0, 0, 0, 0, 168, 0, 0, 2, 94, 264
"d:\Carlos\Semestre1-2025Apuntes\Ingenieria_software_1\proy\SW1Frontend\angular.json", "JSON", 117, 0, 0, 0, 0, 0, 0, 0, 0, 0, 1, 118
"d:\Carlos\Semestre1-2025Apuntes\Ingenieria_software_1\proy\SW1Frontend\karma.conf.js", "JavaScript", 0, 0, 0, 0, 0, 43, 0, 0, 0, 6, 2, 51
"d:\Carlos\Semestre1-2025Apuntes\Ingenieria_software_1\proy\SW1Frontend\package-lock.json", "JSON", 14862, 0, 0, 0, 0, 0, 0, 0, 0, 0, 1, 14863
"d:\Carlos\Semestre1-2025Apuntes\Ingenieria_software_1\proy\SW1Frontend\package.json", "JSON", 74, 0, 0, 0, 0, 0, 0, 0, 0, 0, 1, 75
"d:\Carlos\Semestre1-2025Apuntes\Ingenieria_software_1\proy\SW1Frontend\src\app\app.component.spec.ts", "TypeScript", 0, 0, 0, 23, 0, 0, 0, 0, 0, 0, 4, 27
"d:\Carlos\Semestre1-2025Apuntes\Ingenieria_software_1\proy\SW1Frontend\src\app\app.component.ts", "TypeScript", 0, 0, 0, 48, 0, 0, 0, 0, 0, 1, 9, 58
"d:\Carlos\Semestre1-2025Apuntes\Ingenieria_software_1\proy\SW1Frontend\src\app\app.config.ts", "TypeScript", 0, 0, 0, 31, 0, 0, 0, 0, 0, 0, 3, 34
"d:\Carlos\Semestre1-2025Apuntes\Ingenieria_software_1\proy\SW1Frontend\src\app\app.routes.ts", "TypeScript", 0, 0, 0, 64, 0, 0, 0, 0, 0, 0, 4, 68
"d:\Carlos\Semestre1-2025Apuntes\Ingenieria_software_1\proy\SW1Frontend\src\app\icons\icon-subset.ts", "TypeScript", 0, 0, 0, 297, 0, 0, 0, 0, 0, 0, 5, 302
"d:\Carlos\Semestre1-2025Apuntes\Ingenieria_software_1\proy\SW1Frontend\src\app\icons\logo.ts", "TypeScript", 0, 0, 0, 24, 0, 0, 0, 0, 0, 0, 1, 25
"d:\Carlos\Semestre1-2025Apuntes\Ingenieria_software_1\proy\SW1Frontend\src\app\icons\signet.ts", "TypeScript", 0, 0, 0, 7, 0, 0, 0, 0, 0, 0, 2, 9
"d:\Carlos\Semestre1-2025Apuntes\Ingenieria_software_1\proy\SW1Frontend\src\app\layout\default-layout\_nav.ts", "TypeScript", 0, 0, 0, 167, 0, 0, 0, 0, 0, 10, 2, 179
"d:\Carlos\Semestre1-2025Apuntes\Ingenieria_software_1\proy\SW1Frontend\src\app\layout\default-layout\default-footer\default-footer.component.html", "HTML", 0, 0, 10, 0, 0, 0, 0, 0, 0, 2, 1, 13
"d:\Carlos\Semestre1-2025Apuntes\Ingenieria_software_1\proy\SW1Frontend\src\app\layout\default-layout\default-footer\default-footer.component.scss", "SCSS", 0, 0, 0, 0, 0, 0, 0, 0, 0, 0, 1, 1
"d:\Carlos\Semestre1-2025Apuntes\Ingenieria_software_1\proy\SW1Frontend\src\app\layout\default-layout\default-footer\default-footer.component.spec.ts", "TypeScript", 0, 0, 0, 20, 0, 0, 0, 0, 0, 0, 6, 26
"d:\Carlos\Semestre1-2025Apuntes\Ingenieria_software_1\proy\SW1Frontend\src\app\layout\default-layout\default-footer\default-footer.component.ts", "TypeScript", 0, 0, 0, 12, 0, 0, 0, 0, 0, 0, 2, 14
"d:\Carlos\Semestre1-2025Apuntes\Ingenieria_software_1\proy\SW1Frontend\src\app\layout\default-layout\default-header\default-header.component.html", "HTML", 0, 0, 138, 0, 0, 0, 0, 0, 0, 2, 8, 148
"d:\Carlos\Semestre1-2025Apuntes\Ingenieria_software_1\proy\SW1Frontend\src\app\layout\default-layout\default-header\default-header.component.scss", "SCSS", 0, 0, 0, 0, 0, 0, 0, 0, 0, 0, 1, 1
"d:\Carlos\Semestre1-2025Apuntes\Ingenieria_software_1\proy\SW1Frontend\src\app\layout\default-layout\default-header\default-header.component.spec.ts", "TypeScript", 0, 0, 0, 40, 0, 0, 0, 0, 0, 0, 6, 46
"d:\Carlos\Semestre1-2025Apuntes\Ingenieria_software_1\proy\SW1Frontend\src\app\layout\default-layout\default-header\default-header.component.ts", "TypeScript", 0, 0, 0, 116, 0, 0, 0, 0, 0, 0, 14, 130
"d:\Carlos\Semestre1-2025Apuntes\Ingenieria_software_1\proy\SW1Frontend\src\app\layout\default-layout\default-layout.component.html", "HTML", 0, 0, 36, 0, 0, 0, 0, 0, 0, 6, 4, 46
"d:\Carlos\Semestre1-2025Apuntes\Ingenieria_software_1\proy\SW1Frontend\src\app\layout\default-layout\default-layout.component.scss", "SCSS", 0, 0, 0, 0, 17, 0, 0, 0, 0, 14, 4, 35
"d:\Carlos\Semestre1-2025Apuntes\Ingenieria_software_1\proy\SW1Frontend\src\app\layout\default-layout\default-layout.component.ts", "TypeScript", 0, 0, 0, 48, 0, 0, 0, 0, 0, 0, 5, 53
"d:\Carlos\Semestre1-2025Apuntes\Ingenieria_software_1\proy\SW1Frontend\src\app\layout\default-layout\index.ts", "TypeScript", 0, 0, 0, 3, 0, 0, 0, 0, 0, 0, 1, 4
"d:\Carlos\Semestre1-2025Apuntes\Ingenieria_software_1\proy\SW1Frontend\src\app\layout\index.ts", "TypeScript", 0, 0, 0, 1, 0, 0, 0, 0, 0, 0, 1, 2
"d:\Carlos\Semestre1-2025Apuntes\Ingenieria_software_1\proy\SW1Frontend\src\app\shared\edad.pipe.ts", "TypeScript", 0, 0, 0, 17, 0, 0, 0, 0, 0, 0, 6, 23
"d:\Carlos\Semestre1-2025Apuntes\Ingenieria_software_1\proy\SW1Frontend\src\app\utils\utils.service.ts", "TypeScript", 0, 0, 0, 18, 0, 0, 0, 0, 0, 0, 8, 26
"d:\Carlos\Semestre1-2025Apuntes\Ingenieria_software_1\proy\SW1Frontend\src\app\views\candidates\components\candidate-list\candidate-list.component.html", "HTML", 0, 0, 66, 0, 0, 0, 0, 0, 0, 0, 1, 67
"d:\Carlos\Semestre1-2025Apuntes\Ingenieria_software_1\proy\SW1Frontend\src\app\views\candidates\components\candidate-list\candidate-list.component.ts", "TypeScript", 0, 0, 0, 51, 0, 0, 0, 0, 0, 0, 9, 60
"d:\Carlos\Semestre1-2025Apuntes\Ingenieria_software_1\proy\SW1Frontend\src\app\views\candidates\model\candidate.model.ts", "TypeScript", 0, 0, 0, 11, 0, 0, 0, 0, 0, 0, 1, 12
"d:\Carlos\Semestre1-2025Apuntes\Ingenieria_software_1\proy\SW1Frontend\src\app\views\candidates\routes.ts", "TypeScript", 0, 0, 0, 7, 0, 0, 0, 0, 0, 0, 2, 9
"d:\Carlos\Semestre1-2025Apuntes\Ingenieria_software_1\proy\SW1Frontend\src\app\views\candidates\service\candidate.service.ts", "TypeScript", 0, 0, 0, 15, 0, 0, 0, 0, 0, 0, 6, 21
"d:\Carlos\Semestre1-2025Apuntes\Ingenieria_software_1\proy\SW1Frontend\src\app\views\charts\charts.component.html", "HTML", 0, 0, 66, 0, 0, 0, 0, 0, 0, 0, 2, 68
"d:\Carlos\Semestre1-2025Apuntes\Ingenieria_software_1\proy\SW1Frontend\src\app\views\charts\charts.component.scss", "SCSS", 0, 0, 0, 0, 0, 0, 0, 0, 0, 0, 1, 1
"d:\Carlos\Semestre1-2025Apuntes\Ingenieria_software_1\proy\SW1Frontend\src\app\views\charts\charts.component.ts", "TypeScript", 0, 0, 0, 107, 0, 0, 0, 0, 0, 20, 17, 144
"d:\Carlos\Semestre1-2025Apuntes\Ingenieria_software_1\proy\SW1Frontend\src\app\views\charts\routes.ts", "TypeScript", 0, 0, 0, 8, 0, 0, 0, 0, 0, 0, 3, 11
"d:\Carlos\Semestre1-2025Apuntes\Ingenieria_software_1\proy\SW1Frontend\src\app\views\country\components\country-list\country-list.component.html", "HTML", 0, 0, 29, 0, 0, 0, 0, 0, 0, 5, 1, 35
"d:\Carlos\Semestre1-2025Apuntes\Ingenieria_software_1\proy\SW1Frontend\src\app\views\country\components\country-list\country-list.component.ts", "TypeScript", 0, 0, 0, 60, 0, 0, 0, 0, 0, 0, 10, 70
"d:\Carlos\Semestre1-2025Apuntes\Ingenieria_software_1\proy\SW1Frontend\src\app\views\country\components\region-form\region-form.component.html", "HTML", 0, 0, 45, 0, 0, 0, 0, 0, 0, 0, 5, 50
"d:\Carlos\Semestre1-2025Apuntes\Ingenieria_software_1\proy\SW1Frontend\src\app\views\country\components\region-form\region-form.component.ts", "TypeScript", 0, 0, 0, 60, 0, 0, 0, 0, 0, 0, 8, 68
"d:\Carlos\Semestre1-2025Apuntes\Ingenieria_software_1\proy\SW1Frontend\src\app\views\country\components\region-list\region-list.component.html", "HTML", 0, 0, 33, 0, 0, 0, 0, 0, 0, 5, 2, 40
"d:\Carlos\Semestre1-2025Apuntes\Ingenieria_software_1\proy\SW1Frontend\src\app\views\country\components\region-list\region-list.component.ts", "TypeScript", 0, 0, 0, 63, 0, 0, 0, 0, 0, 0, 12, 75
"d:\Carlos\Semestre1-2025Apuntes\Ingenieria_software_1\proy\SW1Frontend\src\app\views\country\country.component.html", "HTML", 0, 0, 0, 0, 0, 0, 0, 0, 0, 0, 2, 2
"d:\Carlos\Semestre1-2025Apuntes\Ingenieria_software_1\proy\SW1Frontend\src\app\views\country\country.component.ts", "TypeScript", 0, 0, 0, 8, 0, 0, 0, 0, 0, 0, 3, 11
"d:\Carlos\Semestre1-2025Apuntes\Ingenieria_software_1\proy\SW1Frontend\src\app\views\country\model\country.model.ts", "TypeScript", 0, 0, 0, 11, 0, 0, 0, 0, 0, 0, 3, 14
"d:\Carlos\Semestre1-2025Apuntes\Ingenieria_software_1\proy\SW1Frontend\src\app\views\country\model\region.model.ts", "TypeScript", 0, 0, 0, 5, 0, 0, 0, 0, 0, 0, 2, 7
"d:\Carlos\Semestre1-2025Apuntes\Ingenieria_software_1\proy\SW1Frontend\src\app\views\country\routes.ts", "TypeScript", 0, 0, 0, 11, 0, 0, 0, 0, 0, 0, 3, 14
"d:\Carlos\Semestre1-2025Apuntes\Ingenieria_software_1\proy\SW1Frontend\src\app\views\country\service\country.service.ts", "TypeScript", 0, 0, 0, 37, 0, 0, 0, 0, 0, 1, 13, 51
"d:\Carlos\Semestre1-2025Apuntes\Ingenieria_software_1\proy\SW1Frontend\src\app\views\dashboard\dashboard-charts-data.ts", "TypeScript", 0, 0, 0, 170, 0, 0, 0, 0, 0, 6, 18, 194
"d:\Carlos\Semestre1-2025Apuntes\Ingenieria_software_1\proy\SW1Frontend\src\app\views\dashboard\dashboard.component.html", "HTML", 0, 0, 380, 0, 0, 0, 0, 0, 0, 0, 7, 387
"d:\Carlos\Semestre1-2025Apuntes\Ingenieria_software_1\proy\SW1Frontend\src\app\views\dashboard\dashboard.component.scss", "SCSS", 0, 0, 0, 0, 7, 0, 0, 0, 0, 0, 1, 8
"d:\Carlos\Semestre1-2025Apuntes\Ingenieria_software_1\proy\SW1Frontend\src\app\views\dashboard\dashboard.component.ts", "TypeScript", 0, 0, 0, 176, 0, 0, 0, 0, 0, 0, 14, 190
"d:\Carlos\Semestre1-2025Apuntes\Ingenieria_software_1\proy\SW1Frontend\src\app\views\dashboard\routes.ts", "TypeScript", 0, 0, 0, 7, 0, 0, 0, 0, 0, 0, 3, 10
"d:\Carlos\Semestre1-2025Apuntes\Ingenieria_software_1\proy\SW1Frontend\src\app\views\election\components\election-create\election-create.component.html", "HTML", 0, 0, 83, 0, 0, 0, 0, 0, 0, 0, 1, 84
"d:\Carlos\Semestre1-2025Apuntes\Ingenieria_software_1\proy\SW1Frontend\src\app\views\election\components\election-create\election-create.component.ts", "TypeScript", 0, 0, 0, 32, 0, 0, 0, 0, 0, 0, 3, 35
"d:\Carlos\Semestre1-2025Apuntes\Ingenieria_software_1\proy\SW1Frontend\src\app\views\election\components\election-list\election-list.component.html", "HTML", 0, 0, 31, 0, 0, 0, 0, 0, 0, 0, 2, 33
"d:\Carlos\Semestre1-2025Apuntes\Ingenieria_software_1\proy\SW1Frontend\src\app\views\election\components\election-list\election-list.component.ts", "TypeScript", 0, 0, 0, 50, 0, 0, 0, 0, 0, 0, 13, 63
"d:\Carlos\Semestre1-2025Apuntes\Ingenieria_software_1\proy\SW1Frontend\src\app\views\election\components\election-setting\election-setting.component.html", "HTML", 0, 0, 39, 0, 0, 0, 0, 0, 0, 2, 3, 44
"d:\Carlos\Semestre1-2025Apuntes\Ingenieria_software_1\proy\SW1Frontend\src\app\views\election\components\election-setting\election-setting.component.scss", "SCSS", 0, 0, 0, 0, 15, 0, 0, 0, 0, 0, 4, 19
"d:\Carlos\Semestre1-2025Apuntes\Ingenieria_software_1\proy\SW1Frontend\src\app\views\election\components\election-setting\election-setting.component.ts", "TypeScript", 0, 0, 0, 16, 0, 0, 0, 0, 0, 0, 4, 20
"d:\Carlos\Semestre1-2025Apuntes\Ingenieria_software_1\proy\SW1Frontend\src\app\views\election\components\election-setting\eliminar\eliminar.component.html", "HTML", 0, 0, 1, 0, 0, 0, 0, 0, 0, 0, 1, 2
"d:\Carlos\Semestre1-2025Apuntes\Ingenieria_software_1\proy\SW1Frontend\src\app\views\election\components\election-setting\eliminar\eliminar.component.scss", "SCSS", 0, 0, 0, 0, 0, 0, 0, 0, 0, 0, 1, 1
"d:\Carlos\Semestre1-2025Apuntes\Ingenieria_software_1\proy\SW1Frontend\src\app\views\election\components\election-setting\eliminar\eliminar.component.spec.ts", "TypeScript", 0, 0, 0, 18, 0, 0, 0, 0, 0, 0, 6, 24
"d:\Carlos\Semestre1-2025Apuntes\Ingenieria_software_1\proy\SW1Frontend\src\app\views\election\components\election-setting\eliminar\eliminar.component.ts", "TypeScript", 0, 0, 0, 9, 0, 0, 0, 0, 0, 0, 3, 12
"d:\Carlos\Semestre1-2025Apuntes\Ingenieria_software_1\proy\SW1Frontend\src\app\views\election\components\election-setting\fecha\fecha.component.html", "HTML", 0, 0, 50, 0, 0, 0, 0, 0, 0, 0, 3, 53
"d:\Carlos\Semestre1-2025Apuntes\Ingenieria_software_1\proy\SW1Frontend\src\app\views\election\components\election-setting\fecha\fecha.component.ts", "TypeScript", 0, 0, 0, 33, 0, 0, 0, 0, 0, 0, 3, 36
"d:\Carlos\Semestre1-2025Apuntes\Ingenieria_software_1\proy\SW1Frontend\src\app\views\election\components\election-setting\general\general.component.html", "HTML", 0, 0, 32, 0, 0, 0, 0, 0, 0, 0, 2, 34
"d:\Carlos\Semestre1-2025Apuntes\Ingenieria_software_1\proy\SW1Frontend\src\app\views\election\components\election-setting\general\general.component.ts", "TypeScript", 0, 0, 0, 34, 0, 0, 0, 0, 0, 0, 3, 37
"d:\Carlos\Semestre1-2025Apuntes\Ingenieria_software_1\proy\SW1Frontend\src\app\views\election\components\election-setting\resultados\resultados.component.html", "HTML", 0, 0, 1, 0, 0, 0, 0, 0, 0, 0, 1, 2
"d:\Carlos\Semestre1-2025Apuntes\Ingenieria_software_1\proy\SW1Frontend\src\app\views\election\components\election-setting\resultados\resultados.component.scss", "SCSS", 0, 0, 0, 0, 0, 0, 0, 0, 0, 0, 1, 1
"d:\Carlos\Semestre1-2025Apuntes\Ingenieria_software_1\proy\SW1Frontend\src\app\views\election\components\election-setting\resultados\resultados.component.spec.ts", "TypeScript", 0, 0, 0, 18, 0, 0, 0, 0, 0, 0, 6, 24
"d:\Carlos\Semestre1-2025Apuntes\Ingenieria_software_1\proy\SW1Frontend\src\app\views\election\components\election-setting\resultados\resultados.component.ts", "TypeScript", 0, 0, 0, 9, 0, 0, 0, 0, 0, 0, 3, 12
"d:\Carlos\Semestre1-2025Apuntes\Ingenieria_software_1\proy\SW1Frontend\src\app\views\election\components\election-setting\votantes\votantes.component.html", "HTML", 0, 0, 40, 0, 0, 0, 0, 0, 0, 0, 1, 41
"d:\Carlos\Semestre1-2025Apuntes\Ingenieria_software_1\proy\SW1Frontend\src\app\views\election\components\election-setting\votantes\votantes.component.scss", "SCSS", 0, 0, 0, 0, 0, 0, 0, 0, 0, 0, 1, 1
"d:\Carlos\Semestre1-2025Apuntes\Ingenieria_software_1\proy\SW1Frontend\src\app\views\election\components\election-setting\votantes\votantes.component.spec.ts", "TypeScript", 0, 0, 0, 18, 0, 0, 0, 0, 0, 0, 6, 24
"d:\Carlos\Semestre1-2025Apuntes\Ingenieria_software_1\proy\SW1Frontend\src\app\views\election\components\election-setting\votantes\votantes.component.ts", "TypeScript", 0, 0, 0, 45, 0, 0, 0, 0, 0, 0, 7, 52
"d:\Carlos\Semestre1-2025Apuntes\Ingenieria_software_1\proy\SW1Frontend\src\app\views\election\components\election-widget\election-widget.component.html", "HTML", 0, 0, 94, 0, 0, 0, 0, 0, 0, 0, 1, 95
"d:\Carlos\Semestre1-2025Apuntes\Ingenieria_software_1\proy\SW1Frontend\src\app\views\election\components\election-widget\election-widget.component.ts", "TypeScript", 0, 0, 0, 18, 0, 0, 0, 0, 0, 0, 3, 21
"d:\Carlos\Semestre1-2025Apuntes\Ingenieria_software_1\proy\SW1Frontend\src\app\views\election\model\election.model.ts", "TypeScript", 0, 0, 0, 32, 0, 0, 0, 0, 0, 0, 9, 41
"d:\Carlos\Semestre1-2025Apuntes\Ingenieria_software_1\proy\SW1Frontend\src\app\views\election\routes.ts", "TypeScript", 0, 0, 0, 30, 0, 0, 0, 0, 0, 0, 3, 33
"d:\Carlos\Semestre1-2025Apuntes\Ingenieria_software_1\proy\SW1Frontend\src\app\views\election\service\election.service.ts", "TypeScript", 0, 0, 0, 15, 0, 0, 0, 0, 0, 0, 6, 21
"d:\Carlos\Semestre1-2025Apuntes\Ingenieria_software_1\proy\SW1Frontend\src\app\views\icons\coreui-icons.component.html", "HTML", 0, 0, 0, 0, 0, 0, 0, 0, 0, 0, 1, 1
"d:\Carlos\Semestre1-2025Apuntes\Ingenieria_software_1\proy\SW1Frontend\src\app\views\icons\coreui-icons.component.ts", "TypeScript", 0, 0, 0, 51, 0, 0, 0, 0, 0, 0, 7, 58
"d:\Carlos\Semestre1-2025Apuntes\Ingenieria_software_1\proy\SW1Frontend\src\app\views\icons\routes.ts", "TypeScript", 0, 0, 0, 15, 0, 0, 0, 0, 0, 0, 3, 18
"d:\Carlos\Semestre1-2025Apuntes\Ingenieria_software_1\proy\SW1Frontend\src\app\views\pages\login\auth-guard.ts", "TypeScript", 0, 0, 0, 7, 0, 0, 0, 0, 0, 0, 4, 11
"d:\Carlos\Semestre1-2025Apuntes\Ingenieria_software_1\proy\SW1Frontend\src\app\views\pages\login\auth.interceptor.ts", "TypeScript", 0, 0, 0, 17, 0, 0, 0, 0, 0, 0, 5, 22
"d:\Carlos\Semestre1-2025Apuntes\Ingenieria_software_1\proy\SW1Frontend\src\app\views\pages\login\auth.service.ts", "TypeScript", 0, 0, 0, 55, 0, 0, 0, 0, 0, 1, 16, 72
"d:\Carlos\Semestre1-2025Apuntes\Ingenieria_software_1\proy\SW1Frontend\src\app\views\pages\login\login.component.html", "HTML", 0, 0, 55, 0, 0, 0, 0, 0, 0, 0, 1, 56
"d:\Carlos\Semestre1-2025Apuntes\Ingenieria_software_1\proy\SW1Frontend\src\app\views\pages\login\login.component.scss", "SCSS", 0, 0, 0, 0, 0, 0, 0, 0, 0, 0, 1, 1
"d:\Carlos\Semestre1-2025Apuntes\Ingenieria_software_1\proy\SW1Frontend\src\app\views\pages\login\login.component.ts", "TypeScript", 0, 0, 0, 51, 0, 0, 0, 0, 0, 0, 17, 68
"d:\Carlos\Semestre1-2025Apuntes\Ingenieria_software_1\proy\SW1Frontend\src\app\views\pages\page404\page404.component.html", "HTML", 0, 0, 22, 0, 0, 0, 0, 0, 0, 0, 1, 23
"d:\Carlos\Semestre1-2025Apuntes\Ingenieria_software_1\proy\SW1Frontend\src\app\views\pages\page404\page404.component.scss", "SCSS", 0, 0, 0, 0, 0, 0, 0, 0, 0, 0, 1, 1
"d:\Carlos\Semestre1-2025Apuntes\Ingenieria_software_1\proy\SW1Frontend\src\app\views\pages\page404\page404.component.spec.ts", "TypeScript", 0, 0, 0, 28, 0, 0, 0, 0, 0, 0, 7, 35
"d:\Carlos\Semestre1-2025Apuntes\Ingenieria_software_1\proy\SW1Frontend\src\app\views\pages\page404\page404.component.ts", "TypeScript", 0, 0, 0, 12, 0, 0, 0, 0, 0, 0, 4, 16
"d:\Carlos\Semestre1-2025Apuntes\Ingenieria_software_1\proy\SW1Frontend\src\app\views\pages\page500\page500.component.html", "HTML", 0, 0, 22, 0, 0, 0, 0, 0, 0, 0, 1, 23
"d:\Carlos\Semestre1-2025Apuntes\Ingenieria_software_1\proy\SW1Frontend\src\app\views\pages\page500\page500.component.scss", "SCSS", 0, 0, 0, 0, 0, 0, 0, 0, 0, 0, 1, 1
"d:\Carlos\Semestre1-2025Apuntes\Ingenieria_software_1\proy\SW1Frontend\src\app\views\pages\page500\page500.component.spec.ts", "TypeScript", 0, 0, 0, 28, 0, 0, 0, 0, 0, 0, 7, 35
"d:\Carlos\Semestre1-2025Apuntes\Ingenieria_software_1\proy\SW1Frontend\src\app\views\pages\page500\page500.component.ts", "TypeScript", 0, 0, 0, 12, 0, 0, 0, 0, 0, 0, 4, 16
"d:\Carlos\Semestre1-2025Apuntes\Ingenieria_software_1\proy\SW1Frontend\src\app\views\pages\register\register.component.html", "HTML", 0, 0, 37, 0, 0, 0, 0, 0, 0, 9, 8, 54
"d:\Carlos\Semestre1-2025Apuntes\Ingenieria_software_1\proy\SW1Frontend\src\app\views\pages\register\register.component.scss", "SCSS", 0, 0, 0, 0, 0, 0, 0, 0, 0, 0, 1, 1
"d:\Carlos\Semestre1-2025Apuntes\Ingenieria_software_1\proy\SW1Frontend\src\app\views\pages\register\register.component.ts", "TypeScript", 0, 0, 0, 37, 0, 0, 0, 0, 0, 0, 7, 44
"d:\Carlos\Semestre1-2025Apuntes\Ingenieria_software_1\proy\SW1Frontend\src\app\views\pages\routes.ts", "TypeScript", 0, 0, 0, 19, 0, 0, 0, 0, 0, 0, 4, 23
"d:\Carlos\Semestre1-2025Apuntes\Ingenieria_software_1\proy\SW1Frontend\src\app\views\user\list-user\list-user.component.html", "HTML", 0, 0, 34, 0, 0, 0, 0, 0, 0, 0, 3, 37
"d:\Carlos\Semestre1-2025Apuntes\Ingenieria_software_1\proy\SW1Frontend\src\app\views\user\list-user\list-user.component.ts", "TypeScript", 0, 0, 0, 45, 0, 0, 0, 0, 0, 0, 9, 54
"d:\Carlos\Semestre1-2025Apuntes\Ingenieria_software_1\proy\SW1Frontend\src\app\views\user\model\user.model.ts", "TypeScript", 0, 0, 0, 14, 0, 0, 0, 0, 0, 0, 2, 16
"d:\Carlos\Semestre1-2025Apuntes\Ingenieria_software_1\proy\SW1Frontend\src\app\views\user\routes.ts", "TypeScript", 0, 0, 0, 7, 0, 0, 0, 0, 0, 0, 4, 11
"d:\Carlos\Semestre1-2025Apuntes\Ingenieria_software_1\proy\SW1Frontend\src\app\views\user\service\user.service.ts", "TypeScript", 0, 0, 0, 15, 0, 0, 0, 0, 0, 1, 6, 22
"d:\Carlos\Semestre1-2025Apuntes\Ingenieria_software_1\proy\SW1Frontend\src\app\views\voter\components\voter-edit\voter-edit.component.html", "HTML", 0, 0, 32, 0, 0, 0, 0, 0, 0, 0, 8, 40
"d:\Carlos\Semestre1-2025Apuntes\Ingenieria_software_1\proy\SW1Frontend\src\app\views\voter\components\voter-edit\voter-edit.component.ts", "TypeScript", 0, 0, 0, 59, 0, 0, 0, 0, 0, 0, 10, 69
"d:\Carlos\Semestre1-2025Apuntes\Ingenieria_software_1\proy\SW1Frontend\src\app\views\voter\components\voter-form\voter-form.component.html", "HTML", 0, 0, 48, 0, 0, 0, 0, 0, 0, 1, 6, 55
"d:\Carlos\Semestre1-2025Apuntes\Ingenieria_software_1\proy\SW1Frontend\src\app\views\voter\components\voter-form\voter-form.component.ts", "TypeScript", 0, 0, 0, 71, 0, 0, 0, 0, 0, 0, 13, 84
"d:\Carlos\Semestre1-2025Apuntes\Ingenieria_software_1\proy\SW1Frontend\src\app\views\voter\components\voter-list\voter-list.component.html", "HTML", 0, 0, 67, 0, 0, 0, 0, 0, 0, 0, 1, 68
"d:\Carlos\Semestre1-2025Apuntes\Ingenieria_software_1\proy\SW1Frontend\src\app\views\voter\components\voter-list\voter-list.component.ts", "TypeScript", 0, 0, 0, 69, 0, 0, 0, 0, 0, 14, 10, 93
"d:\Carlos\Semestre1-2025Apuntes\Ingenieria_software_1\proy\SW1Frontend\src\app\views\voter\model\voter.model.ts", "TypeScript", 0, 0, 0, 17, 0, 0, 0, 0, 0, 0, 3, 20
"d:\Carlos\Semestre1-2025Apuntes\Ingenieria_software_1\proy\SW1Frontend\src\app\views\voter\routes.ts", "TypeScript", 0, 0, 0, 15, 0, 0, 0, 0, 0, 0, 3, 18
"d:\Carlos\Semestre1-2025Apuntes\Ingenieria_software_1\proy\SW1Frontend\src\app\views\voter\service\voter.service.ts", "TypeScript", 0, 0, 0, 28, 0, 0, 0, 0, 0, 0, 9, 37
"d:\Carlos\Semestre1-2025Apuntes\Ingenieria_software_1\proy\SW1Frontend\src\app\views\widgets\routes.ts", "TypeScript", 0, 0, 0, 7, 0, 0, 0, 0, 0, 0, 2, 9
"d:\Carlos\Semestre1-2025Apuntes\Ingenieria_software_1\proy\SW1Frontend\src\app\views\widgets\widgets-brand\widgets-brand.component.html", "HTML", 0, 0, 0, 0, 0, 0, 0, 0, 0, 0, 1, 1
"d:\Carlos\Semestre1-2025Apuntes\Ingenieria_software_1\proy\SW1Frontend\src\app\views\widgets\widgets-brand\widgets-brand.component.scss", "SCSS", 0, 0, 0, 0, 0, 0, 0, 0, 0, 0, 1, 1
"d:\Carlos\Semestre1-2025Apuntes\Ingenieria_software_1\proy\SW1Frontend\src\app\views\widgets\widgets-brand\widgets-brand.component.spec.ts", "TypeScript", 0, 0, 0, 0, 0, 0, 0, 0, 0, 0, 1, 1
"d:\Carlos\Semestre1-2025Apuntes\Ingenieria_software_1\proy\SW1Frontend\src\app\views\widgets\widgets-brand\widgets-brand.component.ts", "TypeScript", 0, 0, 0, 105, 0, 0, 0, 0, 0, 1, 7, 113
"d:\Carlos\Semestre1-2025Apuntes\Ingenieria_software_1\proy\SW1Frontend\src\app\views\widgets\widgets-dropdown\widgets-dropdown.component.html", "HTML", 0, 0, 111, 0, 0, 0, 0, 0, 0, 3, 2, 116
"d:\Carlos\Semestre1-2025Apuntes\Ingenieria_software_1\proy\SW1Frontend\src\app\views\widgets\widgets-dropdown\widgets-dropdown.component.scss", "SCSS", 0, 0, 0, 0, 0, 0, 0, 0, 0, 0, 1, 1
"d:\Carlos\Semestre1-2025Apuntes\Ingenieria_software_1\proy\SW1Frontend\src\app\views\widgets\widgets-dropdown\widgets-dropdown.component.spec.ts", "TypeScript", 0, 0, 0, 30, 0, 0, 0, 0, 0, 0, 7, 37
"d:\Carlos\Semestre1-2025Apuntes\Ingenieria_software_1\proy\SW1Frontend\src\app\views\widgets\widgets-dropdown\widgets-dropdown.component.ts", "TypeScript", 0, 0, 0, 241, 0, 0, 0, 0, 0, 6, 17, 264
"d:\Carlos\Semestre1-2025Apuntes\Ingenieria_software_1\proy\SW1Frontend\src\app\views\widgets\widgets-e\widgets-e.component.html", "HTML", 0, 0, 0, 0, 0, 0, 0, 0, 0, 0, 1, 1
"d:\Carlos\Semestre1-2025Apuntes\Ingenieria_software_1\proy\SW1Frontend\src\app\views\widgets\widgets-e\widgets-e.component.scss", "SCSS", 0, 0, 0, 0, 0, 0, 0, 0, 0, 0, 1, 1
"d:\Carlos\Semestre1-2025Apuntes\Ingenieria_software_1\proy\SW1Frontend\src\app\views\widgets\widgets-e\widgets-e.component.spec.ts", "TypeScript", 0, 0, 0, 0, 0, 0, 0, 0, 0, 0, 1, 1
"d:\Carlos\Semestre1-2025Apuntes\Ingenieria_software_1\proy\SW1Frontend\src\app\views\widgets\widgets-e\widgets-e.component.ts", "TypeScript", 0, 0, 0, 128, 0, 0, 0, 0, 0, 1, 13, 142
"d:\Carlos\Semestre1-2025Apuntes\Ingenieria_software_1\proy\SW1Frontend\src\app\views\widgets\widgets\widgets.component.html", "HTML", 0, 0, 341, 0, 0, 0, 0, 0, 0, 0, 3, 344
"d:\Carlos\Semestre1-2025Apuntes\Ingenieria_software_1\proy\SW1Frontend\src\app\views\widgets\widgets\widgets.component.scss", "SCSS", 0, 0, 0, 0, 0, 0, 0, 0, 0, 0, 1, 1
"d:\Carlos\Semestre1-2025Apuntes\Ingenieria_software_1\proy\SW1Frontend\src\app\views\widgets\widgets\widgets.component.spec.ts", "TypeScript", 0, 0, 0, 32, 0, 0, 0, 0, 0, 0, 7, 39
"d:\Carlos\Semestre1-2025Apuntes\Ingenieria_software_1\proy\SW1Frontend\src\app\views\widgets\widgets\widgets.component.ts", "TypeScript", 0, 0, 0, 21, 0, 0, 0, 0, 0, 0, 3, 24
"d:\Carlos\Semestre1-2025Apuntes\Ingenieria_software_1\proy\SW1Frontend\src\assets\brand\coreui-angular-white.svg", "XML", 0, 0, 0, 0, 0, 0, 0, 41, 0, 0, 1, 42
"d:\Carlos\Semestre1-2025Apuntes\Ingenieria_software_1\proy\SW1Frontend\src\assets\brand\coreui-angular.svg", "XML", 0, 0, 0, 0, 0, 0, 0, 41, 0, 0, 1, 42
"d:\Carlos\Semestre1-2025Apuntes\Ingenieria_software_1\proy\SW1Frontend\src\assets\brand\coreui-base-white.svg", "XML", 0, 0, 0, 0, 0, 0, 0, 24, 0, 0, 1, 25
"d:\Carlos\Semestre1-2025Apuntes\Ingenieria_software_1\proy\SW1Frontend\src\assets\brand\coreui-base.svg", "XML", 0, 0, 0, 0, 0, 0, 0, 24, 0, 0, 1, 25
"d:\Carlos\Semestre1-2025Apuntes\Ingenieria_software_1\proy\SW1Frontend\src\assets\brand\coreui-signet-white.svg", "XML", 0, 0, 0, 0, 0, 0, 0, 16, 0, 0, 1, 17
"d:\Carlos\Semestre1-2025Apuntes\Ingenieria_software_1\proy\SW1Frontend\src\assets\brand\coreui-signet.svg", "XML", 0, 0, 0, 0, 0, 0, 0, 16, 0, 0, 1, 17
"d:\Carlos\Semestre1-2025Apuntes\Ingenieria_software_1\proy\SW1Frontend\src\components\docs-callout\docs-callout.component.html", "HTML", 0, 0, 17, 0, 0, 0, 0, 0, 0, 0, 4, 21
"d:\Carlos\Semestre1-2025Apuntes\Ingenieria_software_1\proy\SW1Frontend\src\components\docs-callout\docs-callout.component.scss", "SCSS", 0, 0, 0, 0, 0, 0, 0, 0, 0, 0, 1, 1
"d:\Carlos\Semestre1-2025Apuntes\Ingenieria_software_1\proy\SW1Frontend\src\components\docs-callout\docs-callout.component.spec.ts", "TypeScript", 0, 0, 0, 21, 0, 0, 0, 0, 0, 0, 6, 27
"d:\Carlos\Semestre1-2025Apuntes\Ingenieria_software_1\proy\SW1Frontend\src\components\docs-callout\docs-callout.component.ts", "TypeScript", 0, 0, 0, 28, 0, 0, 0, 0, 0, 1, 9, 38
"d:\Carlos\Semestre1-2025Apuntes\Ingenieria_software_1\proy\SW1Frontend\src\components\docs-example\docs-example.component.html", "HTML", 0, 0, 19, 0, 0, 0, 0, 0, 0, 0, 1, 20
"d:\Carlos\Semestre1-2025Apuntes\Ingenieria_software_1\proy\SW1Frontend\src\components\docs-example\docs-example.component.scss", "SCSS", 0, 0, 0, 0, 3, 0, 0, 0, 0, 0, 1, 4
"d:\Carlos\Semestre1-2025Apuntes\Ingenieria_software_1\proy\SW1Frontend\src\components\docs-example\docs-example.component.spec.ts", "TypeScript", 0, 0, 0, 0, 0, 0, 0, 0, 0, 25, 1, 26
"d:\Carlos\Semestre1-2025Apuntes\Ingenieria_software_1\proy\SW1Frontend\src\components\docs-example\docs-example.component.ts", "TypeScript", 0, 0, 0, 45, 0, 0, 0, 0, 0, 2, 11, 58
"d:\Carlos\Semestre1-2025Apuntes\Ingenieria_software_1\proy\SW1Frontend\src\components\docs-link\docs-link.component.html", "HTML", 0, 0, 9, 0, 0, 0, 0, 0, 0, 0, 1, 10
"d:\Carlos\Semestre1-2025Apuntes\Ingenieria_software_1\proy\SW1Frontend\src\components\docs-link\docs-link.component.scss", "SCSS", 0, 0, 0, 0, 0, 0, 0, 0, 0, 0, 1, 1
"d:\Carlos\Semestre1-2025Apuntes\Ingenieria_software_1\proy\SW1Frontend\src\components\docs-link\docs-link.component.spec.ts", "TypeScript", 0, 0, 0, 20, 0, 0, 0, 0, 0, 0, 6, 26
"d:\Carlos\Semestre1-2025Apuntes\Ingenieria_software_1\proy\SW1Frontend\src\components\docs-link\docs-link.component.ts", "TypeScript", 0, 0, 0, 21, 0, 0, 0, 0, 0, 0, 7, 28
"d:\Carlos\Semestre1-2025Apuntes\Ingenieria_software_1\proy\SW1Frontend\src\components\index.ts", "TypeScript", 0, 0, 0, 1, 0, 0, 0, 0, 0, 0, 1, 2
"d:\Carlos\Semestre1-2025Apuntes\Ingenieria_software_1\proy\SW1Frontend\src\components\public-api.ts", "TypeScript", 0, 0, 0, 3, 0, 0, 0, 0, 0, 0, 1, 4
"d:\Carlos\Semestre1-2025Apuntes\Ingenieria_software_1\proy\SW1Frontend\src\declarations.d.ts", "TypeScript", 0, 0, 0, 4, 0, 0, 0, 0, 0, 0, 2, 6
"d:\Carlos\Semestre1-2025Apuntes\Ingenieria_software_1\proy\SW1Frontend\src\environments\environment.ts", "TypeScript", 0, 0, 0, 4, 0, 0, 0, 0, 0, 0, 3, 7
"d:\Carlos\Semestre1-2025Apuntes\Ingenieria_software_1\proy\SW1Frontend\src\index.html", "HTML", 0, 0, 25, 0, 0, 0, 0, 0, 0, 7, 1, 33
"d:\Carlos\Semestre1-2025Apuntes\Ingenieria_software_1\proy\SW1Frontend\src\main.ts", "TypeScript", 0, 0, 0, 4, 0, 0, 0, 0, 0, 1, 5, 10
"d:\Carlos\Semestre1-2025Apuntes\Ingenieria_software_1\proy\SW1Frontend\src\scss\_charts.scss", "SCSS", 0, 0, 0, 0, 5, 0, 0, 0, 0, 1, 2, 8
"d:\Carlos\Semestre1-2025Apuntes\Ingenieria_software_1\proy\SW1Frontend\src\scss\_custom.scss", "SCSS", 0, 0, 0, 0, 8, 0, 0, 0, 0, 5, 5, 18
"d:\Carlos\Semestre1-2025Apuntes\Ingenieria_software_1\proy\SW1Frontend\src\scss\_examples.scss", "SCSS", 0, 0, 0, 0, 90, 0, 0, 0, 0, 6, 20, 116
"d:\Carlos\Semestre1-2025Apuntes\Ingenieria_software_1\proy\SW1Frontend\src\scss\_fixes.scss", "SCSS", 0, 0, 0, 0, 0, 0, 0, 0, 0, 1, 4, 5
"d:\Carlos\Semestre1-2025Apuntes\Ingenieria_software_1\proy\SW1Frontend\src\scss\_scrollbar.scss", "SCSS", 0, 0, 0, 0, 19, 0, 0, 0, 0, 5, 7, 31
"d:\Carlos\Semestre1-2025Apuntes\Ingenieria_software_1\proy\SW1Frontend\src\scss\_theme.scss", "SCSS", 0, 0, 0, 0, 52, 0, 0, 0, 0, 0, 13, 65
"d:\Carlos\Semestre1-2025Apuntes\Ingenieria_software_1\proy\SW1Frontend\src\scss\styles.scss", "SCSS", 0, 0, 0, 0, 7, 0, 0, 0, 0, 9, 8, 24
"d:\Carlos\Semestre1-2025Apuntes\Ingenieria_software_1\proy\SW1Frontend\src\test.ts", "TypeScript", 0, 0, 0, 11, 0, 0, 0, 0, 0, 2, 3, 16
"d:\Carlos\Semestre1-2025Apuntes\Ingenieria_software_1\proy\SW1Frontend\tsconfig.app.json", "JSON", 20, 0, 0, 0, 0, 0, 0, 0, 0, 1, 1, 22
"d:\Carlos\Semestre1-2025Apuntes\Ingenieria_software_1\proy\SW1Frontend\tsconfig.json", "JSON with Comments", 0, 37, 0, 0, 0, 0, 0, 0, 0, 1, 1, 39
"d:\Carlos\Semestre1-2025Apuntes\Ingenieria_software_1\proy\SW1Frontend\tsconfig.spec.json", "JSON", 20, 0, 0, 0, 0, 0, 0, 0, 0, 1, 1, 22
"Total", "-", 15093, 37, 2013, 3518, 223, 43, 607, 162, 53, 193, 1086, 23028